"","text","favorited","favoriteCount","replyToSN","created","truncated","replyToSID","id","replyToUID","statusSource","screenName","retweetCount","isRetweet","retweeted","longitude","latitude"
"1","......what if i impulse-bought a klose jersey rn..................",FALSE,0,NA,2014-07-13 23:45:15,FALSE,NA,"488469234926628864",NA,"<a href=""https://about.twitter.com/products/tweetdeck"" rel=""nofollow"">TweetDeck</a>","percipere",0,FALSE,FALSE,NA,NA
"2","You guys, I can't wait to get my #FourStars jersey. Gonna get the #Klose one too cuz #DankeKlose &amp; farewell to my fav player. #LEGEND",FALSE,0,NA,2014-07-13 23:27:27,FALSE,NA,"488464753891614720",NA,"<a href=""http://www.echofon.com/"" rel=""nofollow"">Echofon</a>","mb20obsessor",0,FALSE,FALSE,NA,NA
"3","Best thing about this game is Kruz has to buy me a Klose jersey Ì†ΩÌ∏Ü so glad I didn't have to buy him a Messi one haaaaaaaa",FALSE,1,NA,2014-07-13 23:25:31,FALSE,NA,"488464266941317120",NA,"<a href=""http://twitter.com/download/iphone"" rel=""nofollow"">Twitter for iPhone</a>","RickMurdaaa",0,FALSE,FALSE,NA,NA
"4","Can't wait for my miroslav klose jersey to come in the mail! Gotta buy a schweinsteiger one too!‚ù§Ô∏èÌ†ºÌ∑©Ì†ºÌ∑™Ì†ºÌ∑©Ì†ºÌ∑™Ì†ºÌ∑©Ì†ºÌ∑™Ì†ºÌ∑©Ì†ºÌ∑™",FALSE,0,NA,2014-07-13 23:15:49,FALSE,NA,"488461828737880065",NA,"<a href=""http://twitter.com/download/iphone"" rel=""nofollow"">Twitter for iPhone</a>","JanKipper",0,FALSE,FALSE,NA,NA
"5","""@thommie08: Miroslav Klose is the happiest person in the world right now"" I am so buying his jersey",FALSE,0,NA,2014-07-13 23:00:12,FALSE,NA,"488457898302119936",NA,"<a href=""http://twitter.com/download/android"" rel=""nofollow"">Twitter for Android</a>","11Jamen",0,FALSE,FALSE,NA,NA
"6","Can't wait to buy my 4 star Klose Jersey!!! ‚≠êÔ∏è‚≠êÔ∏è‚≠êÔ∏è‚≠êÔ∏èÌ†ºÌ∑©Ì†ºÌ∑™Ì†ºÌ∑©Ì†ºÌ∑™Ì†ºÌ∑©Ì†ºÌ∑™Ì†ºÌ∑©Ì†ºÌ∑™",FALSE,0,NA,2014-07-13 22:58:08,FALSE,NA,"488457375545040897",NA,"<a href=""http://ubersocial.com"" rel=""nofollow"">UberSocial for iPhone</a>","camkin",0,FALSE,FALSE,NA,NA
"7","Got my Klose jersey on #11 #GER",FALSE,0,NA,2014-07-13 22:57:59,FALSE,NA,"488457338014031873",NA,"<a href=""http://twitter.com/download/iphone"" rel=""nofollow"">Twitter for iPhone</a>","Carlitos305_",0,FALSE,FALSE,NA,NA
"8","Klose. Hook her up @thesoccergalaxy RT  @aSomia: I told myself I was going to buy a authentic jersey from SoccerGalaxy. Which player?",FALSE,0,NA,2014-07-13 22:49:34,FALSE,NA,"488455222620983296",NA,"<a href=""http://twitter.com/download/android"" rel=""nofollow"">Twitter for Android</a>","UmairA916",0,FALSE,FALSE,NA,NA
"9","#GER my second team after #ENG.
Cheering since WC 2002.
klose's jersey since 2008
Thanks @MiroKloseFans for ur career
#pt",FALSE,1,NA,2014-07-13 22:47:40,FALSE,NA,"488454743086624769",NA,"<a href=""http://twitter.com/download/iphone"" rel=""nofollow"">Twitter for iPhone</a>","HemaNasr2011",0,FALSE,FALSE,NA,NA
"10","@churailesque YES I KIND OF (KIND OF REALLY) (EXTREMELY) WANT A KLOSE JERSEY BUT ISN'T IT KIND OF SILLY TO HAVE TWO OF THE SAME KIT",FALSE,0,"churailesque",2014-07-13 22:46:24,FALSE,"488454276067229697","488454426466988032","414498544","<a href=""http://twitter.com"" rel=""nofollow"">Twitter Web Client</a>","solcelo",0,FALSE,FALSE,NA,NA
"11","Gonna get the 4th star Jersey as an AWAY one &amp; obviously Klose's. 
I'm going to miss him more than I can say.",FALSE,0,NA,2014-07-13 22:39:52,FALSE,NA,"488452780969848832",NA,"<a href=""http://www.echofon.com/"" rel=""nofollow"">Echofon</a>","mb20obsessor",0,FALSE,FALSE,NA,NA
"12","Anyone want to buy me a jersey with Kroos  or ozil or muller or Klose or gotze on it",FALSE,1,NA,2014-07-13 22:34:03,FALSE,NA,"488451317757538304",NA,"<a href=""http://twitter.com/download/android"" rel=""nofollow"">Twitter for Android</a>","tianlunlee",0,FALSE,FALSE,NA,NA
"13","Someone buy me a Klose jersey plz.",FALSE,0,NA,2014-07-13 22:32:01,FALSE,NA,"488450803259039744",NA,"<a href=""http://twitter.com/download/iphone"" rel=""nofollow"">Twitter for iPhone</a>","Andrew_113",0,FALSE,FALSE,NA,NA
"14","I have big plans to buy another Klose jersey. With four stars on it. #livinglegend #klosewatch #ger",FALSE,2,NA,2014-07-13 22:29:47,FALSE,NA,"488450241323343872",NA,"<a href=""http://twitter.com/download/iphone"" rel=""nofollow"">Twitter for iPhone</a>","leanneelston",0,FALSE,FALSE,NA,NA
"15","@braviary I'm probably going to get a Klose jersey tbh, to join my blank one from '06 :3 yeah he's retiring but he's my King",FALSE,0,"braviary",2014-07-13 22:25:53,FALSE,"488448992322543616","488449260166582272","16811708","<a href=""http://twitter.com"" rel=""nofollow"">Twitter Web Client</a>","beaucadeau",0,FALSE,FALSE,NA,NA
"16","Prabably getting Klose on my jersey http://t.co/vZbc3rx36Z",FALSE,1,NA,2014-07-13 22:24:34,FALSE,NA,"488448928480636928",NA,"<a href=""http://twitter.com/download/iphone"" rel=""nofollow"">Twitter for iPhone</a>","Andy_Lopez_18",0,FALSE,FALSE,NA,NA
"17","Cant Wait Til Thursday To Get My Jersey That I Won I Don't Know Whos Name I Should Place On The Back Reus G√∂tze Kroos Or Klose Ì†ΩÌ∏è",FALSE,0,NA,2014-07-13 22:24:05,FALSE,NA,"488448809434103808",NA,"<a href=""http://twitter.com/download/android"" rel=""nofollow"">Twitter for Android</a>","Soccerslife_",0,FALSE,FALSE,NA,NA
"18","Screw promise rings, get me a Klose jersey so I know it's real. Ì†ºÌ∑©Ì†ºÌ∑™Ì†ΩÌ∏ç‚ù§Ô∏è",FALSE,1,NA,2014-07-13 22:22:47,FALSE,NA,"488448480105353216",NA,"<a href=""http://twitter.com/#!/download/ipad"" rel=""nofollow"">Twitter for iPad</a>","_Magdaaaaaaa",0,FALSE,FALSE,NA,NA
"19","RT @akhan_RM: I need a Klose jersey. It is essential to my life.",FALSE,0,NA,2014-07-13 22:19:46,FALSE,NA,"488447719929688064",NA,"<a href=""http://twitter.com"" rel=""nofollow"">Twitter Web Client</a>","_jennifermeza",1,TRUE,FALSE,NA,NA
"20","I want an updated Klose jersey now.",FALSE,0,NA,2014-07-13 22:17:09,FALSE,NA,"488447062288379905",NA,"<a href=""http://twitter.com/download/iphone"" rel=""nofollow"">Twitter for iPhone</a>","itsMICHO",0,FALSE,FALSE,NA,NA
"21","Klose retiring? The only jersey babah balikan 2 WC ago nama Klose. Aaa.. So that's him",FALSE,2,NA,2014-07-13 22:14:56,FALSE,NA,"488446505905188865",NA,"<a href=""http://tweedleapp.com/"" rel=""nofollow""> Tweedle</a>","HusnaPop",0,FALSE,FALSE,NA,NA
"22","Idk who's jersey to get Gotze or KloseÌ†ΩÌ∏≠ #germany",FALSE,0,NA,2014-07-13 22:13:39,FALSE,NA,"488446180989235200",NA,"<a href=""http://twitter.com/download/iphone"" rel=""nofollow"">Twitter for iPhone</a>","AbrahamRod18",0,FALSE,FALSE,NA,NA
"23","Gonna get that new Germany four star Jersey. Klose, Schurrle, or Bastian Schweinsteiger",FALSE,0,NA,2014-07-13 22:13:24,FALSE,NA,"488446117902704640",NA,"<a href=""http://twitter.com/download/android"" rel=""nofollow"">Twitter for Android</a>","JesusC0330",0,FALSE,FALSE,NA,NA
"24","I need a Klose jersey. It is essential to my life.",FALSE,0,NA,2014-07-13 22:12:48,FALSE,NA,"488445970032918528",NA,"<a href=""http://twitter.com/download/android"" rel=""nofollow"">Twitter for Android</a>","akhan_RM",1,FALSE,FALSE,NA,NA
"25","1st european team win in america, 16th goal for klose, and 4th star on my jersey :) :D #Champions #WorldCup2014",FALSE,0,NA,2014-07-13 22:11:03,FALSE,NA,"488445526741106688",NA,"<a href=""https://mobile.twitter.com"" rel=""nofollow"">Mobile Web (M2)</a>","Aji_Farid",0,FALSE,FALSE,NA,NA
"26","Miroslav Klose making history soooo proud to own his jerseyÌ†ΩÌ±èÌ†ΩÌπåÌ†ºÌøÜ",FALSE,0,NA,2014-07-13 22:10:30,FALSE,NA,"488445390815895553",NA,"<a href=""http://twitter.com/download/android"" rel=""nofollow"">Twitter for Android</a>","rxyal_vibes",0,FALSE,FALSE,NA,NA
"27","@KyleDoesntTweet as of now I think I'm going to get a Klose jersey",FALSE,0,"KyleDoesntTweet",2014-07-13 22:09:37,FALSE,"488444962564874240","488445167079157760","318784242","<a href=""http://twitter.com/download/iphone"" rel=""nofollow"">Twitter for iPhone</a>","schnabs10",0,FALSE,FALSE,NA,NA
"28","I'm trying to buy a Germany jersey that has Klose on the back.",FALSE,0,NA,2014-07-13 22:08:46,FALSE,NA,"488444955807846400",NA,"<a href=""https://twitter.com/download/android"" rel=""nofollow"">Twitter for Android Tablets</a>","dsaucedo18",0,FALSE,FALSE,NA,NA
"29","Going to miss Klose in the German jersey.",FALSE,0,NA,2014-07-13 22:03:51,FALSE,NA,"488443718106501120",NA,"<a href=""https://twitter.com/download/android"" rel=""nofollow"">Twitter for Android Tablets</a>","dsaucedo18",0,FALSE,FALSE,NA,NA
"30","@jake_herber @Rajon_Chrando @itsmattyv I wouldn't mind a Klose jersey with a 4th star...maybe #16 instead of #11?",FALSE,0,"jake_herber",2014-07-13 22:02:59,FALSE,"488440256388026370","488443497960067072","809870707","<a href=""http://twitter.com/download/iphone"" rel=""nofollow"">Twitter for iPhone</a>","JUAN_ina_milion",0,FALSE,FALSE,NA,NA
"31","Definitely gonna wear my Klose Germany jersey the first day back to schoolÌ†ΩÌπåÌ†ΩÌπåÌ†ΩÌ∏£Ì†ΩÌ∏ä",FALSE,1,NA,2014-07-13 22:01:47,FALSE,NA,"488443198247682048",NA,"<a href=""http://twitter.com/download/android"" rel=""nofollow"">Twitter for Android</a>","rxyal_vibes",0,FALSE,FALSE,NA,NA
"32","I told myself I was going to buy a authentic jersey from SoccerGalaxy. Which player? Schweiny, Lahm, Klose, or now Gotze?",FALSE,0,NA,2014-07-13 22:01:17,FALSE,NA,"488443068488507392",NA,"<a href=""http://www.echofon.com/"" rel=""nofollow"">Echofon</a>","aSomia",0,FALSE,FALSE,NA,NA
"33","@ColeClimer you got Klose jersey money?",FALSE,0,"ColeClimer",2014-07-13 21:58:37,FALSE,NA,"488442397378883585","735376147","<a href=""http://twitter.com/download/iphone"" rel=""nofollow"">Twitter for iPhone</a>","jasonbrown_11",0,FALSE,FALSE,NA,NA
"34","Sad to see Miroslav Klose in his last game in a German jersey. Will miss you legend",FALSE,0,NA,2014-07-13 21:56:28,FALSE,NA,"488441857723367424",NA,"<a href=""http://twitter.com/download/iphone"" rel=""nofollow"">Twitter for iPhone</a>","akovvv",0,FALSE,FALSE,NA,NA
"35","Looks, I'm going to have to add another star to my Klose jersey. #WorldCup http://t.co/X9zgXuNcOr",FALSE,1,NA,2014-07-13 21:54:56,FALSE,NA,"488441473168592896",NA,"<a href=""http://instagram.com"" rel=""nofollow"">Instagram</a>","alxhuls",0,FALSE,FALSE,NA,NA
"36","I said I was gonna buy a Klose jersey last World Cup and I didn't but I def am this time around",FALSE,0,NA,2014-07-13 21:54:11,FALSE,NA,"488441282080288768",NA,"<a href=""http://twitter.com/download/iphone"" rel=""nofollow"">Twitter for iPhone</a>","JustJustino",0,FALSE,FALSE,NA,NA
"37","My wish now is to have a jersey of Miroslav Klose and Thomas Muller #fingerscrossed @DFB_Team_EN",FALSE,0,NA,2014-07-13 21:52:46,FALSE,NA,"488440929267621888",NA,"<a href=""http://blackberry.com/twitter"" rel=""nofollow"">Twitter for BlackBerry¬Æ</a>","jocereisma",0,FALSE,FALSE,"121.07409","14.51599"
"38","‚Äú@FabioSweatpants: HOLY FUCK NOW DO I GET A FOUR STAR GERMANY JERSEY WITH KLOSE OR G√ñTZE‚Äù I CANT DECIDE EITHER",FALSE,1,"FabioSweatpants",2014-07-13 21:50:26,FALSE,"488438866336960513","488440339301031936","442981693","<a href=""http://twitter.com/download/iphone"" rel=""nofollow"">Twitter for iPhone</a>","fuckastrid",0,FALSE,FALSE,NA,NA
"39","Gonna go get me that klose jersey",FALSE,0,NA,2014-07-13 21:48:46,FALSE,NA,"488439920890236929",NA,"<a href=""https://mobile.twitter.com"" rel=""nofollow"">Mobile Web (M5)</a>","kaymer24",0,FALSE,FALSE,NA,NA
"40","RT @frenchfinesse: What a way for Miroslav Klose to end his career with Germany.",FALSE,0,NA,2014-07-13 21:47:50,FALSE,NA,"488439685673656323",NA,"<a href=""http://twitter.com/download/android"" rel=""nofollow"">Twitter for Android</a>","The_Jersey_Fitz",4,TRUE,FALSE,NA,NA
"41","Need to but my Klose jersey now",FALSE,0,NA,2014-07-13 21:47:39,FALSE,NA,"488439638277636096",NA,"<a href=""http://twitter.com/download/iphone"" rel=""nofollow"">Twitter for iPhone</a>","kristina_shim",0,FALSE,FALSE,NA,NA
"42","HOLY FUCK NOW DO I GET A FOUR STAR GERMANY JERSEY WITH KLOSE OR G√ñTZE",FALSE,1,NA,2014-07-13 21:44:35,FALSE,NA,"488438866336960513",NA,"<a href=""http://twitter.com/download/iphone"" rel=""nofollow"">Twitter for iPhone</a>","FabioSweatpants",0,FALSE,FALSE,NA,NA
"43","Got to feel for #ARG. Klose ka poster and Jersey done.",FALSE,0,NA,2014-07-13 21:44:27,FALSE,NA,"488438835831767040",NA,"<a href=""http://www.tweetcaster.com"" rel=""nofollow"">TweetCaster for Android</a>","TheJointFamily",0,FALSE,FALSE,NA,NA
"44","Well, they deserved , klose deserved for this. Congratulations for the forth star in your jersey :)",FALSE,0,NA,2014-07-13 21:43:56,FALSE,NA,"488438702549397506",NA,"<a href=""http://twitter.com/download/android"" rel=""nofollow"">Twitter for Android</a>","arvi_uud",0,FALSE,FALSE,"106.6115142","-6.1902007"
"45","Do I buy a Klose or Goetze jersey now?",FALSE,0,NA,2014-07-13 21:43:41,FALSE,NA,"488438641224466434",NA,"<a href=""http://twitter.com/download/iphone"" rel=""nofollow"">Twitter for iPhone</a>","HipsterCorey",0,FALSE,FALSE,NA,NA
"46","Gonna buy me my Klose jersey now ;)",FALSE,0,NA,2014-07-13 21:43:17,FALSE,NA,"488438542482165761",NA,"<a href=""http://twitter.com/download/iphone"" rel=""nofollow"">Twitter for iPhone</a>","AECanas",0,FALSE,FALSE,NA,NA
"47","Elated! Absolutely elated! Well done #GER!! I'm going to buy my #Klose jersey!",FALSE,0,NA,2014-07-13 21:42:18,FALSE,NA,"488438294691078145",NA,"<a href=""http://twitter.com/download/android"" rel=""nofollow"">Twitter for Android</a>","wordsfromHell",0,FALSE,FALSE,NA,NA
"48","Y no one giveaway signed Klose jersey???¬ø",FALSE,0,NA,2014-07-13 21:42:16,FALSE,NA,"488438285723635714",NA,"<a href=""http://twitter.com/#!/download/ipad"" rel=""nofollow"">Twitter for iPad</a>","Tokyoislike_",0,FALSE,FALSE,NA,NA
"49","New goal in life: meet Klose and get him to sign my jersey. #GER",FALSE,0,NA,2014-07-13 21:42:12,FALSE,NA,"488438269646876672",NA,"<a href=""http://twitter.com/download/iphone"" rel=""nofollow"">Twitter for iPhone</a>","thatSergey",0,FALSE,FALSE,NA,NA
"50","Gue bakal beli Jersey Jerman Away + Nameset Klose + patch + MDT Brazil vs.GERMANY !!!!!!!",FALSE,0,NA,2014-07-13 21:42:04,FALSE,NA,"488438234016657408",NA,"<a href=""https://mobile.twitter.com"" rel=""nofollow"">Mobile Web (M2)</a>","Ferdi_mancunian",0,FALSE,FALSE,NA,NA
"51","Story book ending for Klose.. The high flying legend unlaces his boots in a German jersey for the last time as a world champ #JogaBonito",FALSE,1,NA,2014-07-13 21:41:56,FALSE,NA,"488438202793852928",NA,"<a href=""http://twitter.com/download/iphone"" rel=""nofollow"">Twitter for iPhone</a>","L_Pray19",0,FALSE,FALSE,NA,NA
"52","Klose jersey plz #Respect",FALSE,0,NA,2014-07-13 21:41:46,FALSE,NA,"488438160222064641",NA,"<a href=""http://twitter.com/download/android"" rel=""nofollow"">Twitter for Android</a>","DjiBreeze_DTP",0,FALSE,FALSE,NA,NA
"53","RT @dustin_pollard: Drake was just spotted taking off his Messi jersey and putting on a Klose jersey",FALSE,0,NA,2014-07-13 21:41:26,FALSE,NA,"488438072938209280",NA,"<a href=""http://twitter.com/download/iphone"" rel=""nofollow"">Twitter for iPhone</a>","TootIt_nBelueIt",1,TRUE,FALSE,NA,NA
"54","Called Germany at the start #efficiency
Also only semi football jersey I own has #Klose on the back",FALSE,0,NA,2014-07-13 21:41:10,FALSE,NA,"488438006521790464",NA,"<a href=""http://twitter.com"" rel=""nofollow"">Twitter Web Client</a>","paddymckenna24",0,FALSE,FALSE,NA,NA
"55","Love this team. Love these players. They EARNED that 4th star on that jersey! Klose makes history,Germany takes the cup! #GER #DieMannschaft",FALSE,1,NA,2014-07-13 21:41:06,FALSE,NA,"488437990445027328",NA,"<a href=""http://twitter.com/download/iphone"" rel=""nofollow"">Twitter for iPhone</a>","KSNforNick",0,FALSE,FALSE,NA,NA
"56","KLOSE AND HIS SONS ARE SO CUTE! WEARING THE SAME JERSEY",FALSE,0,NA,2014-07-13 21:41:00,FALSE,NA,"488437965904171008",NA,"<a href=""http://twitter.com/download/iphone"" rel=""nofollow"">Twitter for iPhone</a>","HT2404",0,FALSE,FALSE,NA,NA
"57","‚Äú@NickSosa23: bouta get a klose or gotze jersey‚ÄùOHHH BOOOOY Ì†ΩÌ∏ÇÌ†ΩÌ∏Ç",FALSE,1,"NickSosa23",2014-07-13 21:40:48,FALSE,"488437757011038209","488437916482277376","1579488510","<a href=""http://twitter.com/download/iphone"" rel=""nofollow"">Twitter for iPhone</a>","itsjeremybruh_",0,FALSE,FALSE,NA,NA
"58","Okay Klose's jersey shall be bought! Ì†ΩÌ∏ä",FALSE,0,NA,2014-07-13 21:40:38,FALSE,NA,"488437871808753665",NA,"<a href=""http://www.myplume.com/"" rel=""nofollow"">Plume¬†for¬†Android</a>","jialele_",0,FALSE,FALSE,NA,NA
"59","RT @ImTheMap19: Told @Davemassi I'd get a Germany jersey if they won, now to decide between a klose jersey and a schurrle one",FALSE,0,NA,2014-07-13 21:40:29,FALSE,NA,"488437835976818693",NA,"<a href=""http://twitter.com/download/android"" rel=""nofollow"">Twitter for Android</a>","Davemassi",1,TRUE,FALSE,NA,NA
"60","Capping a Klose jersey!!! What a world cup! God i love this sport",FALSE,0,NA,2014-07-13 21:40:28,FALSE,NA,"488437830666817536",NA,"<a href=""http://twitter.com/download/android"" rel=""nofollow"">Twitter for Android</a>","Ereeeh",0,FALSE,FALSE,NA,NA
"61","Drake was just spotted taking off his Messi jersey and putting on a Klose jersey",FALSE,2,NA,2014-07-13 21:40:24,FALSE,NA,"488437816175915010",NA,"<a href=""http://twitter.com/download/android"" rel=""nofollow"">Twitter for Android</a>","dustin_pollard",1,FALSE,FALSE,NA,NA
"62","Klose jersey to commemorate the history I watched him make. Seems appropriate.",FALSE,0,NA,2014-07-13 21:40:20,FALSE,NA,"488437796550361088",NA,"<a href=""http://twitter.com/download/iphone"" rel=""nofollow"">Twitter for iPhone</a>","jafloresito",0,FALSE,FALSE,NA,NA
"63","bouta get a klose or gotze jersey",FALSE,0,NA,2014-07-13 21:40:10,FALSE,NA,"488437757011038209",NA,"<a href=""http://twitter.com/download/iphone"" rel=""nofollow"">Twitter for iPhone</a>","NickSosa23",0,FALSE,FALSE,"-77.37770774","38.63733164"
"64","Officially gonna buy myself a Klose jersey Ì†ΩÌ∏ç‚ù§Ô∏èÌ†ºÌ∑©Ì†ºÌ∑™",FALSE,1,NA,2014-07-13 21:39:01,FALSE,NA,"488437468035682305",NA,"<a href=""http://twitter.com/#!/download/ipad"" rel=""nofollow"">Twitter for iPad</a>","_Magdaaaaaaa",0,FALSE,FALSE,NA,NA
"65","What a way for Klose to go out. All-time leader in goals in a world cup. And last game in a Germany jersey, he wins the world cup #class",FALSE,0,NA,2014-07-13 21:38:57,FALSE,NA,"488437449195282434",NA,"<a href=""http://twitter.com"" rel=""nofollow"">Twitter Web Client</a>","Drexy24",0,FALSE,FALSE,NA,NA
"66","Now to order my Germany jersey #Klose",FALSE,0,NA,2014-07-13 21:38:31,FALSE,NA,"488437339178274817",NA,"<a href=""http://twitter.com/download/iphone"" rel=""nofollow"">Twitter for iPhone</a>","jordan26__",0,FALSE,FALSE,NA,NA
"67","I HAVE MY G√ñTZE JERSEY ON AND MY KLOSE ONE ON THE WAY! Ì†ºÌ∑©Ì†ºÌ∑™Ì†ºÌ∑©Ì†ºÌ∑™Ì†ºÌ∑©Ì†ºÌ∑™Ì†ºÌ∑©Ì†ºÌ∑™Ì†ºÌ∑©Ì†ºÌ∑™Ì†ºÌ∑©Ì†ºÌ∑™Ì†ºÌ∑©Ì†ºÌ∑™",FALSE,1,NA,2014-07-13 21:37:53,FALSE,NA,"488437182588129280",NA,"<a href=""http://twitter.com/download/iphone"" rel=""nofollow"">Twitter for iPhone</a>","DavidReed16",0,FALSE,FALSE,NA,NA
"68","You can guarantee I'll have a klose 4-star jersey within a week",FALSE,0,NA,2014-07-13 21:37:18,FALSE,NA,"488437036173766656",NA,"<a href=""http://twitter.com/download/iphone"" rel=""nofollow"">Twitter for iPhone</a>","DRohsler",0,FALSE,FALSE,"-74.26237958","40.94621837"
"69","Told @Davemassi I'd get a Germany jersey if they won, now to decide between a klose jersey and a schurrle one",FALSE,0,NA,2014-07-13 21:37:05,FALSE,NA,"488436980427268097",NA,"<a href=""http://twitter.com/download/android"" rel=""nofollow"">Twitter for Android</a>","ImTheMap19",1,FALSE,FALSE,NA,NA
"70","Let's Fucking Go I wanna buy a Neuer and  Klose jersey",FALSE,0,NA,2014-07-13 21:36:33,FALSE,NA,"488436844313329666",NA,"<a href=""http://twitter.com/download/iphone"" rel=""nofollow"">Twitter for iPhone</a>","IlyasEhh",0,FALSE,FALSE,NA,NA
"71","RT @tokyodayori: MANNSCHAFT BETTER RELEASE A MIROSLAV KLOSE JERSEY WITH FOUR STARS OR I‚ÄôLL GO MASCHERANO ON THEM",FALSE,0,NA,2014-07-13 21:34:53,FALSE,NA,"488436427948961793",NA,"<a href=""http://www.twitter.com"" rel=""nofollow"">Twitter for Windows Phone</a>","inawarminister",2,TRUE,FALSE,NA,NA
"72","RT @tokyodayori: MANNSCHAFT BETTER RELEASE A MIROSLAV KLOSE JERSEY WITH FOUR STARS OR I‚ÄôLL GO MASCHERANO ON THEM",FALSE,0,NA,2014-07-13 21:33:42,FALSE,NA,"488436127326412800",NA,"<a href=""http://twitter.com/download/android"" rel=""nofollow"">Twitter for Android</a>","Crimsondramon",2,TRUE,FALSE,NA,NA
"73","MANNSCHAFT BETTER RELEASE A MIROSLAV KLOSE JERSEY WITH FOUR STARS OR I‚ÄôLL GO MASCHERANO ON THEM",FALSE,0,NA,2014-07-13 21:32:41,FALSE,NA,"488435874611212288",NA,"<a href=""https://about.twitter.com/products/tweetdeck"" rel=""nofollow"">TweetDeck</a>","tokyodayori",2,FALSE,FALSE,NA,NA
"74","Need to get myself a Klose jersey",FALSE,2,NA,2014-07-13 21:32:20,FALSE,NA,"488435786011115522",NA,"<a href=""http://twitter.com/download/android"" rel=""nofollow"">Twitter for Android</a>","Patrick_Bieszke",0,FALSE,FALSE,"-81.6223387","28.3489889"
"75","I might have to buy a Klose jersey.",FALSE,0,NA,2014-07-13 21:31:21,FALSE,NA,"488435537251172352",NA,"<a href=""http://twitter.com/#!/download/ipad"" rel=""nofollow"">Twitter for iPad</a>","Kaine_Oh",0,FALSE,FALSE,NA,NA
"76","I want a Klose jersey",FALSE,0,NA,2014-07-13 21:29:49,FALSE,NA,"488435150116495361",NA,"<a href=""http://twitter.com/download/iphone"" rel=""nofollow"">Twitter for iPhone</a>","JackBAHDMON",0,FALSE,FALSE,NA,NA
"77","Still going to buy me Klose Jersey",FALSE,0,NA,2014-07-13 21:29:23,FALSE,NA,"488435043799662593",NA,"<a href=""http://twitter.com/download/android"" rel=""nofollow"">Twitter for Android</a>","KCPrince108",0,FALSE,FALSE,NA,NA
"78","YES!!!!!!!! Looks like you'll be drinking a German beer in my Klose jersey, @Andrea_Vocos",FALSE,0,NA,2014-07-13 21:25:31,FALSE,NA,"488434069596696577",NA,"<a href=""http://twitter.com/download/iphone"" rel=""nofollow"">Twitter for iPhone</a>","ashleycherv",0,FALSE,FALSE,NA,NA
"79","I'm either gonna get a mueller or klose jersey. They Puttin in work!",FALSE,0,NA,2014-07-13 21:24:01,FALSE,NA,"488433692021624834",NA,"<a href=""http://twitter.com/download/iphone"" rel=""nofollow"">Twitter for iPhone</a>","Handleof_Henney",0,FALSE,FALSE,NA,NA
"80","RT @Mudashittu: #GER Klose Jersey #11 goes out with a loud ovation 
The highest goal scorer in World Cup Finals http://t.co/aLuFnWGytj",FALSE,0,NA,2014-07-13 21:13:09,FALSE,NA,"488430957863903232",NA,"<a href=""http://twitter.com/download/android"" rel=""nofollow"">Twitter for Android</a>","ultmatefootball",1,TRUE,FALSE,NA,NA
"81","RT @kennyvez: Also how does a guy with a Klose jersey on go outside for a smoke break during extra time? #cripes",FALSE,0,NA,2014-07-13 21:12:20,FALSE,NA,"488430752678555649",NA,"<a href=""http://twitter.com/download/iphone"" rel=""nofollow"">Twitter for iPhone</a>","JustBernie12",1,TRUE,FALSE,NA,NA
"82","Someone should buy me a Klose jersey.",FALSE,0,NA,2014-07-13 21:07:54,FALSE,NA,"488429637228167168",NA,"<a href=""http://twitter.com/download/iphone"" rel=""nofollow"">Twitter for iPhone</a>","inharmoniously",0,FALSE,FALSE,NA,NA
"83","#GER Klose Jersey #11 goes out with a loud ovation 
The highest goal scorer in World Cup Finals http://t.co/aLuFnWGytj",FALSE,0,NA,2014-07-13 21:06:49,FALSE,NA,"488429363076280320",NA,"<a href=""http://twitter.com/download/android"" rel=""nofollow"">Twitter for Android</a>","Mudashittu",1,FALSE,FALSE,NA,NA
"84","Also how does a guy with a Klose jersey on go outside for a smoke break during extra time? #cripes",FALSE,0,NA,2014-07-13 21:05:22,FALSE,NA,"488428997798162432",NA,"<a href=""http://twitter.com/download/android"" rel=""nofollow"">Twitter for Android</a>","kennyvez",1,FALSE,FALSE,NA,NA
"85","I just remember'd I have Klose's jersey from the 2006 world cup which I hardly wear",FALSE,0,NA,2014-07-13 21:01:58,FALSE,NA,"488428143917559808",NA,"<a href=""http://twitter.com"" rel=""nofollow"">Twitter Web Client</a>","TheZaydee",0,FALSE,FALSE,NA,NA
"86","RT @GuinnessGhana: This may be the last time we see Klose in a German jersey. Bye Bye Klose. Legend.",FALSE,0,NA,2014-07-13 20:59:59,FALSE,NA,"488427644355362816",NA,"<a href=""https://play.google.com/store/apps/details?id=com.dwdesign.tweetings&hl=en"" rel=""nofollow"">Tweetings for Android</a>","showsnii",2,TRUE,FALSE,NA,NA
"87","If Germany wins I'm getting a klose jersey not trynna dick ride or nothing",FALSE,0,NA,2014-07-13 20:59:31,FALSE,NA,"488427527581736960",NA,"<a href=""http://twitter.com/download/android"" rel=""nofollow"">Twitter for Android</a>","MountainLionO",0,FALSE,FALSE,NA,NA
"88","This may be the last time we see Klose in a German jersey. Bye Bye Klose. Legend.",FALSE,0,NA,2014-07-13 20:59:12,FALSE,NA,"488427446270562304",NA,"<a href=""https://twitter.com/download/android"" rel=""nofollow"">Twitter for  Android</a>","GuinnessGhana",2,FALSE,FALSE,"-0.1475258","5.6424733"
"89","time to find a klose jersey to buy",FALSE,0,NA,2014-07-13 20:58:14,FALSE,NA,"488427202979958784",NA,"<a href=""http://twitter.com/download/iphone"" rel=""nofollow"">Twitter for iPhone</a>","dirtyydan33",0,FALSE,FALSE,NA,NA
"90","RT @6thgradersrule: If I was to get a #Ger jersey, #Klose would be on the back. #manners #WorldCup",FALSE,0,NA,2014-07-13 20:57:20,FALSE,NA,"488426977175797760",NA,"<a href=""https://roundteam.co"" rel=""nofollow"">RoundTeam</a>","SuperiorGent",1,TRUE,FALSE,NA,NA
"91","Had my first klose jersey as a child. Dad bought the kids size! A fan since a child (: but dad loves klinsmann",FALSE,0,NA,2014-07-13 20:56:33,FALSE,NA,"488426778717741056",NA,"<a href=""http://twitter.com/download/android"" rel=""nofollow"">Twitter for Android</a>","yogamLOVErain",0,FALSE,FALSE,NA,NA
"92","RT @music_Ambition_: Klose last time wearing the Jersey in the World Cup Ì†ΩÌ∏£Ì†ºÌ∑©Ì†ºÌ∑™1‚É£1‚É£",FALSE,0,NA,2014-07-13 20:55:25,FALSE,NA,"488426494322933760",NA,"<a href=""http://twitter.com/download/iphone"" rel=""nofollow"">Twitter for iPhone</a>","AlinaBoo_",5,TRUE,FALSE,NA,NA
"93","@longoluongo Klose? If I was buying a German/any futbol jersey now, it'd be his.",FALSE,0,"longoluongo",2014-07-13 20:54:57,FALSE,"488424810569928706","488426375569616896","18495420","<a href=""http://twitter.com"" rel=""nofollow"">Twitter Web Client</a>","wayne_chow",0,FALSE,FALSE,NA,NA
"94","The legend has left the field. Thanks for making my first 3 world cups incredible Klose, your 2006 jersey is never leaving my wardrobe",FALSE,2,NA,2014-07-13 20:54:38,FALSE,NA,"488426297077420032",NA,"<a href=""http://twitter.com/download/android"" rel=""nofollow"">Twitter for Android</a>","Nandudles",0,FALSE,FALSE,NA,NA
"95","If I was to get a #Ger jersey, #Klose would be on the back. #manners #WorldCup",FALSE,0,NA,2014-07-13 20:54:03,FALSE,NA,"488426152310996993",NA,"<a href=""http://twitter.com"" rel=""nofollow"">Twitter Web Client</a>","6thgradersrule",1,FALSE,FALSE,NA,NA
"96","i want a Klose jersey",FALSE,1,NA,2014-07-13 20:53:52,FALSE,NA,"488426104051748864",NA,"<a href=""http://twitter.com/download/iphone"" rel=""nofollow"">Twitter for iPhone</a>","r_king_khan",0,FALSE,FALSE,NA,NA
"97","It's sad to see Miroslav Klose step off the pitch for probably the last time in a German jersey",FALSE,2,NA,2014-07-13 20:53:37,FALSE,NA,"488426041723990016",NA,"<a href=""http://twitter.com/download/android"" rel=""nofollow"">Twitter for Android</a>","TheKlenser",0,FALSE,FALSE,NA,NA
"98","So much Respect for KloseÌ†ΩÌ±èÌ†ΩÌ±è Can't wait for his jersey to arriveÌ†ΩÌ∏åÌ†ΩÌ∏£",FALSE,0,NA,2014-07-13 20:53:06,FALSE,NA,"488425911545790465",NA,"<a href=""http://twitter.com/download/android"" rel=""nofollow"">Twitter for Android</a>","rxyal_vibes",0,FALSE,FALSE,NA,NA
"99","RT @Meg_McNitt: If today is the last game watching Klose in a Germany jersey it has been a huge pleasure watching the best WC scorer of all‚Ä¶",FALSE,0,NA,2014-07-13 20:52:54,FALSE,NA,"488425860035510272",NA,"<a href=""http://twitter.com/download/android"" rel=""nofollow"">Twitter for Android</a>","bran_duran",2,TRUE,FALSE,NA,NA
"100","I will get my Klose jersey signed #dreaming",FALSE,0,NA,2014-07-13 20:51:07,FALSE,NA,"488425411987009536",NA,"<a href=""http://twitter.com/download/iphone"" rel=""nofollow"">Twitter for iPhone</a>","NateMehringer",0,FALSE,FALSE,NA,NA
"101","RT @ManUp_116: 2002-2016 my boy Klose... wearing your jersey all now. #WorldCup2014 most world cup goals with 16. Well done!",FALSE,0,NA,2014-07-13 20:50:49,FALSE,NA,"488425336451788800",NA,"<a href=""http://twitter.com/download/android"" rel=""nofollow"">Twitter for Android</a>","Natus_Succedere",1,TRUE,FALSE,NA,NA
"102","Klose the legend comes off, possibly his last time wearing the Germany Jersey Ì†ΩÌ±èÌ†ΩÌ±è #class",FALSE,0,NA,2014-07-13 20:50:33,FALSE,NA,"488425271842725888",NA,"<a href=""http://twitter.com/download/iphone"" rel=""nofollow"">Twitter for iPhone</a>","LondonIsBlu",0,FALSE,FALSE,NA,NA
"103","RT @johnnyhoppus: Might be klose last game in a #ger jersey #legend",FALSE,0,NA,2014-07-13 20:50:26,FALSE,NA,"488425239240396800",NA,"<a href=""http://twitter.com/download/android"" rel=""nofollow"">Twitter for Android</a>","Idc_bye",1,TRUE,FALSE,NA,NA
"104","The first soccer jersey I ever bought was Miroslav Klose.  Goodbye to one of the greats.",FALSE,0,NA,2014-07-13 20:50:12,FALSE,NA,"488425181619032064",NA,"<a href=""http://twitter.com/download/iphone"" rel=""nofollow"">Twitter for iPhone</a>","allthingsadamw",0,FALSE,FALSE,NA,NA
"105","Might be the last time I see Klose in a German jersey, and he was a class act from beginning to end as usual. Legend. #GER",FALSE,0,NA,2014-07-13 20:50:10,FALSE,NA,"488425174698446848",NA,"<a href=""http://twitter.com/download/iphone"" rel=""nofollow"">Twitter for iPhone</a>","NandoGngerbread",0,FALSE,FALSE,NA,NA
"106","Sad to see Klose most likely walk off the field in a German jersey for the last time",FALSE,2,NA,2014-07-13 20:50:00,FALSE,NA,"488425132407271424",NA,"<a href=""http://twitter.com/download/iphone"" rel=""nofollow"">Twitter for iPhone</a>","StephanieLorenc",0,FALSE,FALSE,NA,NA
"107","RT @Meg_McNitt: If today is the last game watching Klose in a Germany jersey it has been a huge pleasure watching the best WC scorer of all‚Ä¶",FALSE,0,NA,2014-07-13 20:49:48,FALSE,NA,"488425081601683457",NA,"<a href=""http://twitter.com/download/iphone"" rel=""nofollow"">Twitter for iPhone</a>","SuzanneHarlow",2,TRUE,FALSE,NA,NA
"108","I hope Klose used @tide Ultra with Bleach to clean that jersey.",FALSE,1,NA,2014-07-13 20:49:48,FALSE,NA,"488425080800952320",NA,"<a href=""http://twitter.com"" rel=""nofollow"">Twitter Web Client</a>","iwannabeAngel",0,FALSE,FALSE,NA,NA
"109","2002-2016 my boy Klose... wearing your jersey all now. #WorldCup2014 most world cup goals with 16. Well done!",FALSE,0,NA,2014-07-13 20:49:27,FALSE,NA,"488424992250404864",NA,"<a href=""http://www.twitter.com"" rel=""nofollow"">Twitter for BlackBerry</a>","ManUp_116",1,FALSE,FALSE,NA,NA
"110","And that's probably the last time we'll see Klose in an international jersey. An amazing talent, and an extraordinary international career",FALSE,0,NA,2014-07-13 20:49:12,FALSE,NA,"488424930439348224",NA,"<a href=""http://twitter.com"" rel=""nofollow"">Twitter Web Client</a>","PythonsPrologue",0,FALSE,FALSE,NA,NA
"111","Klose will always be my favourite player and I'm proud to wear his name on my jersey Ì†ΩÌ≤ï",FALSE,0,NA,2014-07-13 20:49:08,FALSE,NA,"488424913351753729",NA,"<a href=""http://twitter.com/download/iphone"" rel=""nofollow"">Twitter for iPhone</a>","PlanetLouis",0,FALSE,FALSE,NA,NA
"112","Feel for Klose, tried incredibly hard today. Last time in a German jersey I guess #WorldCupFinal",FALSE,0,NA,2014-07-13 20:48:59,FALSE,NA,"488424873652269057",NA,"<a href=""http://twitter.com/download/iphone"" rel=""nofollow"">Twitter for iPhone</a>","harjyotsingh92",0,FALSE,FALSE,"-0.16169681","51.51677516"
"113","Klose will always be my favourite player and I'm proud to wear his name on my jersey Ì†ΩÌ≤ï",FALSE,2,NA,2014-07-13 20:48:45,FALSE,NA,"488424816589172737",NA,"<a href=""http://twitter.com/download/iphone"" rel=""nofollow"">Twitter for iPhone</a>","Sassi900",0,FALSE,FALSE,NA,NA
"114","My first ever jersey ws Germany's, name: KLOSE. Guess dats y I score 4 fun.",FALSE,0,NA,2014-07-13 20:48:44,FALSE,NA,"488424810901671936",NA,"<a href=""https://mobile.twitter.com"" rel=""nofollow"">Mobile Web (M2)</a>","Ferrano7",0,FALSE,FALSE,NA,NA
"115","Last time klose will ever wear the Germany jersey. So sad",FALSE,0,NA,2014-07-13 20:48:43,FALSE,NA,"488424808754204673",NA,"<a href=""http://twitter.com/download/android"" rel=""nofollow"">Twitter for Android</a>","diegoi93",0,FALSE,FALSE,NA,NA
"116","RT @music_Ambition_: Klose last time wearing the Jersey in the World Cup Ì†ΩÌ∏£Ì†ºÌ∑©Ì†ºÌ∑™1‚É£1‚É£",FALSE,0,NA,2014-07-13 20:48:40,FALSE,NA,"488424794535129088",NA,"<a href=""http://twitter.com/download/iphone"" rel=""nofollow"">Twitter for iPhone</a>","AYEEgee_",5,TRUE,FALSE,NA,NA
"117","If Germany, wins this I'm getting a Klose jersey.",FALSE,0,NA,2014-07-13 20:48:34,FALSE,NA,"488424768761114624",NA,"<a href=""http://www.twitter.com"" rel=""nofollow"">Twitter for BlackBerry</a>","adityaregar",0,FALSE,FALSE,NA,NA
"118","At 36 years old Miroslav Klose walks off the field for the last time in a German jersey.",FALSE,2,NA,2014-07-13 20:48:33,FALSE,NA,"488424767842553857",NA,"<a href=""http://twitter.com/download/iphone"" rel=""nofollow"">Twitter for iPhone</a>","zanerbonaner",0,FALSE,FALSE,NA,NA
"119","RT @music_Ambition_: Klose last time wearing the Jersey in the World Cup Ì†ΩÌ∏£Ì†ºÌ∑©Ì†ºÌ∑™1‚É£1‚É£",FALSE,0,NA,2014-07-13 20:48:33,FALSE,NA,"488424765221122048",NA,"<a href=""http://twitter.com/download/iphone"" rel=""nofollow"">Twitter for iPhone</a>","fuckin_boots",5,TRUE,FALSE,NA,NA
"120","RT @music_Ambition_: Klose last time wearing the Jersey in the World Cup Ì†ΩÌ∏£Ì†ºÌ∑©Ì†ºÌ∑™1‚É£1‚É£",FALSE,0,NA,2014-07-13 20:48:24,FALSE,NA,"488424727564648448",NA,"<a href=""http://twitter.com/download/iphone"" rel=""nofollow"">Twitter for iPhone</a>","ozziebadass_",5,TRUE,FALSE,NA,NA
"121","If today is the last game watching Klose in a Germany jersey it has been a huge pleasure watching the best WC scorer of all time &lt;3 #GER",FALSE,0,NA,2014-07-13 20:48:23,FALSE,NA,"488424724347645952",NA,"<a href=""http://twitter.com/download/android"" rel=""nofollow"">Twitter for Android</a>","Meg_McNitt",2,FALSE,FALSE,NA,NA
"122","If my shirt is dirty like Klose's jersey, my mum will scold me definitely. HAHAHA",FALSE,1,NA,2014-07-13 20:48:15,FALSE,NA,"488424692206694400",NA,"<a href=""http://twitter.com/download/android"" rel=""nofollow"">Twitter for Android</a>","Jiacheng1027",0,FALSE,FALSE,NA,NA
"123","Miroslav Klose ends his international career. One of the finest German players to ever wear that jersey.",FALSE,0,NA,2014-07-13 20:48:10,FALSE,NA,"488424671868489728",NA,"<a href=""http://twitter.com"" rel=""nofollow"">Twitter Web Client</a>","metalheadgcn",0,FALSE,FALSE,NA,NA
"124","Klose leaving the field for the last time in #GER's jersey. What a run.",FALSE,1,NA,2014-07-13 20:48:07,FALSE,NA,"488424656978706432",NA,"<a href=""http://twitter.com/download/iphone"" rel=""nofollow"">Twitter for iPhone</a>","paul_bcb",0,FALSE,FALSE,NA,NA
"125","Last time we will see Klose wearing a Germany jersey. :( sad moment. #GER",FALSE,0,NA,2014-07-13 20:48:07,FALSE,NA,"488424656114683905",NA,"<a href=""http://twitter.com"" rel=""nofollow"">Twitter Web Client</a>","Near2PostMortem",0,FALSE,FALSE,NA,NA
"126","Klose is a hero. Probably get that jersey soon.",FALSE,0,NA,2014-07-13 20:48:06,FALSE,NA,"488424652474036225",NA,"<a href=""http://twitter.com/download/iphone"" rel=""nofollow"">Twitter for iPhone</a>","D00DItsJames",0,FALSE,FALSE,NA,NA
"127","Thank you for your service, Klose! I am proud to wear your jersey today",FALSE,1,NA,2014-07-13 20:48:04,FALSE,NA,"488424646782779392",NA,"<a href=""http://twitter.com/download/iphone"" rel=""nofollow"">Twitter for iPhone</a>","allidoisashWIN",0,FALSE,FALSE,NA,NA
"128","Last time seeing miroslav klose in a Germany jersey, my favorite player ever, and the World Cup leading scorer ;(",FALSE,0,NA,2014-07-13 20:48:03,FALSE,NA,"488424641661136896",NA,"<a href=""http://twitter.com/#!/download/ipad"" rel=""nofollow"">Twitter for iPad</a>","Hiimgino",0,FALSE,FALSE,NA,NA
"129","Klose last time wearing the Jersey in the World Cup Ì†ΩÌ∏£Ì†ºÌ∑©Ì†ºÌ∑™1‚É£1‚É£",FALSE,0,NA,2014-07-13 20:48:03,FALSE,NA,"488424641124261888",NA,"<a href=""http://twitter.com/download/iphone"" rel=""nofollow"">Twitter for iPhone</a>","music_Ambition_",5,FALSE,FALSE,NA,NA
"130","Miroslav Klose. Salut! Most certainly the last time in this jersey.",FALSE,0,NA,2014-07-13 20:47:59,FALSE,NA,"488424623055589377",NA,"<a href=""http://twicca.r246.jp/"" rel=""nofollow"">twicca</a>","iDeric",0,FALSE,FALSE,NA,NA
"131","Klose 11 wiped the field with hid jersey with his constant diving.",FALSE,0,NA,2014-07-13 20:47:48,FALSE,NA,"488424576142303232",NA,"<a href=""http://twitter.com/download/iphone"" rel=""nofollow"">Twitter for iPhone</a>","Micaela_Butron",0,FALSE,FALSE,NA,NA
"132","Watch how dirty #Klose jersey is? O_O",FALSE,0,NA,2014-07-13 20:47:41,FALSE,NA,"488424546832101376",NA,"<a href=""http://www.twitter.com"" rel=""nofollow"">Twitter for Windows Phone</a>","leximus_kpoper",0,FALSE,FALSE,NA,NA
"133","Might be klose last game in a #ger jersey #legend",FALSE,0,NA,2014-07-13 20:47:28,FALSE,NA,"488424492100640769",NA,"<a href=""http://twitter.com/download/iphone"" rel=""nofollow"">Twitter for iPhone</a>","johnnyhoppus",1,FALSE,FALSE,"-117.46001599","33.93248561"
"134","Sooo gotta cop a klose jersey",FALSE,1,NA,2014-07-13 20:47:27,FALSE,NA,"488424490498416640",NA,"<a href=""http://twitter.com/download/iphone"" rel=""nofollow"">Twitter for iPhone</a>","dylansachss",0,FALSE,FALSE,NA,NA
"135","Klose looks like he just got jumped. dirty ass jersey.",FALSE,1,NA,2014-07-13 20:47:26,FALSE,NA,"488424483636527104",NA,"<a href=""http://twitter.com/download/iphone"" rel=""nofollow"">Twitter for iPhone</a>","dmclean18",0,FALSE,FALSE,NA,NA
"136","Goetze on Klose off.",FALSE,0,NA,2014-07-13 20:47:15,FALSE,NA,"488424439391199232",NA,"<a href=""http://twitter.com/download/android"" rel=""nofollow"">Twitter for Android</a>","The_Jersey_Fitz",0,FALSE,FALSE,NA,NA
"137","Klose could score a Tide commercial with all the grass stains on his white jersey.",FALSE,0,NA,2014-07-13 20:26:42,FALSE,NA,"488419266488979456",NA,"<a href=""http://twitter.com/download/android"" rel=""nofollow"">Twitter for Android</a>","lapetitegina",0,FALSE,FALSE,NA,NA
"138","Totally want a Klose jersey",FALSE,0,NA,2014-07-13 20:18:43,FALSE,NA,"488417259426422785",NA,"<a href=""http://twitter.com/download/iphone"" rel=""nofollow"">Twitter for iPhone</a>","BuckiNick7",0,FALSE,FALSE,NA,NA
"139","Hugging apponents and tearing Klose jersey, hahahaa how cute",FALSE,0,NA,2014-07-13 20:15:22,FALSE,NA,"488416415393656832",NA,"<a href=""http://twitter.com/download/android"" rel=""nofollow"">Twitter for Android</a>","liewclarence16",0,FALSE,FALSE,NA,NA
"140","RT @youcanales: I want a Klose jersey. Or Neuer. Or M√ºller. I also want a Messi jersey. Along with many other.",FALSE,0,NA,2014-07-13 20:11:04,FALSE,NA,"488415335477817344",NA,"<a href=""http://twitter.com/download/iphone"" rel=""nofollow"">Twitter for iPhone</a>","Cindy_Tap",1,TRUE,FALSE,NA,NA
"141","I want a Klose jersey. Or Neuer. Or M√ºller. I also want a Messi jersey. Along with many other.",FALSE,3,NA,2014-07-13 20:04:33,FALSE,NA,"488413692141117440",NA,"<a href=""http://twitter.com/download/iphone"" rel=""nofollow"">Twitter for iPhone</a>","youcanales",1,FALSE,FALSE,NA,NA
"142","@chadrstp you bought the jersey, think you might be more German than I am Chad. Don't worry after 60 minutes Klose will score.",FALSE,0,"chadrstp",2014-07-13 20:01:01,FALSE,"488412217596194816","488412803435622400","262100261","<a href=""http://twitter.com/download/iphone"" rel=""nofollow"">Twitter for iPhone</a>","Lord_Maphz",0,FALSE,FALSE,NA,NA
"143","""@thomasmlambo: Did u see Klose do a jerry Skosana on those two defenders i saw that jersey number 10...lol",FALSE,0,NA,2014-07-13 19:57:42,FALSE,NA,"488411967984762880",NA,"<a href=""https://twitter.com/download/android"" rel=""nofollow"">Twitter for Samsung Tablets</a>","Luckyjmnisi",0,FALSE,FALSE,NA,NA
"144","win or lose im gettin myself a klose jersey",FALSE,1,NA,2014-07-13 19:57:41,FALSE,NA,"488411963890733057",NA,"<a href=""http://tapbots.com/tweetbot"" rel=""nofollow"">Tweetbot for iŒüS</a>","tzdxw",0,FALSE,FALSE,NA,NA
"145","A jersey with klose's nameset or pirlo's? Hmmm",FALSE,0,NA,2014-07-13 19:55:27,FALSE,NA,"488411402885820416",NA,"<a href=""http://twitter.com/download/android"" rel=""nofollow"">Twitter for Android</a>","nazreenshazwan",0,FALSE,FALSE,NA,NA
"146","jersey number eleven. this is ur last world cup. show us some magic.. #klose",FALSE,0,NA,2014-07-13 19:53:39,FALSE,NA,"488410952472072192",NA,"<a href=""https://mobile.twitter.com"" rel=""nofollow"">Mobile Web (M5)</a>","SaY_Ra17",0,FALSE,FALSE,NA,NA
"147","@ashlinicole713 instead of messi get a klose jerseyÌ†ΩÌ∏è #Germany",FALSE,0,"ashlinicole713",2014-07-13 19:52:21,FALSE,"488379224764346368","488410624351674368","61552580","<a href=""http://twitter.com/download/iphone"" rel=""nofollow"">Twitter for iPhone</a>","pro_track4",0,FALSE,FALSE,NA,NA
"148","""@Izzabellaaa_: If Germany wins, I'm buying oomf an Ozil, M√ºller, and Klose jersey""Damm",FALSE,0,NA,2014-07-13 19:48:08,FALSE,NA,"488409563024990208",NA,"<a href=""http://twitter.com/download/android"" rel=""nofollow"">Twitter for Android</a>","Axel_A_P",0,FALSE,FALSE,NA,NA
"149","If Germany wins I'm copping a klose jersey",FALSE,0,NA,2014-07-13 19:46:17,FALSE,NA,"488409094743949312",NA,"<a href=""http://twitter.com/download/iphone"" rel=""nofollow"">Twitter for iPhone</a>","alex_7l",0,FALSE,FALSE,NA,NA
"150","Even if Germany don't win I'm still going to buy me a Germany Jersey #Klose",FALSE,0,NA,2014-07-13 19:45:50,FALSE,NA,"488408985331331072",NA,"<a href=""http://twitter.com/download/android"" rel=""nofollow"">Twitter for Android</a>","angie_lopez14",0,FALSE,FALSE,NA,NA
"151","I want to get a custom Germany jersey, but can't pick which first: M√ºller, Lahm, Schweinsteiger, Klose or maybe Hummels? Or Kroos? Or Durm?",FALSE,0,NA,2014-07-13 19:44:44,FALSE,NA,"488408708591149056",NA,"<a href=""http://twitter.com/download/iphone"" rel=""nofollow"">Twitter for iPhone</a>","itsstephh__",0,FALSE,FALSE,NA,NA
"152","I'm contradicting myself by wearing a fake Klose jersey from Pakistan whilst  supporting Argentina",FALSE,0,NA,2014-07-13 19:41:21,FALSE,NA,"488407855725555712",NA,"<a href=""http://twitter.com/download/iphone"" rel=""nofollow"">Twitter for iPhone</a>","yourservez",0,FALSE,FALSE,NA,NA
"153","If Germany wins, I'm buying oomf an Ozil, M√ºller, and Klose jersey",FALSE,4,NA,2014-07-13 19:40:10,FALSE,NA,"488407556788736000",NA,"<a href=""http://twitter.com/download/iphone"" rel=""nofollow"">Twitter for iPhone</a>","Izzabellaaa_",0,FALSE,FALSE,NA,NA
"154","‚Äú@andre_bucks: LETS GO GERMANY! The bucks family with our signed Miroslav Klose jersey from 2001! http://t.co/y2aYoIEJCf‚Äù you are baeÌ†ΩÌ∏ç",FALSE,2,"andre_bucks",2014-07-13 19:34:41,FALSE,"488396166300983296","488406176862703617","611142686","<a href=""http://twitter.com/download/iphone"" rel=""nofollow"">Twitter for iPhone</a>","tmallen14",0,FALSE,FALSE,NA,NA
"155","RT @andre_bucks: LETS GO GERMANY! The bucks family with our signed Miroslav Klose jersey from 2001! http://t.co/2urN6OtMGk",FALSE,0,NA,2014-07-13 19:34:40,FALSE,NA,"488406173780295680",NA,"<a href=""http://twitter.com/download/iphone"" rel=""nofollow"">Twitter for iPhone</a>","OliviaCzosek",1,TRUE,FALSE,NA,NA
"156","I need a Klose jersey Ì†ΩÌ∏ç I find him attractive Ì†ΩÌ∏çÌ†ΩÌ∏äÌ†ºÌ∑©Ì†ºÌ∑™",FALSE,0,NA,2014-07-13 19:26:57,FALSE,NA,"488404229581570050",NA,"<a href=""http://twitter.com/download/iphone"" rel=""nofollow"">Twitter for iPhone</a>","barcenas_anna",0,FALSE,FALSE,NA,NA
"157","When Germany wins this game I'm gonna buy a Miroslav Klose jersey",FALSE,0,NA,2014-07-13 19:24:27,FALSE,NA,"488403603493634051",NA,"<a href=""http://twitter.com/download/iphone"" rel=""nofollow"">Twitter for iPhone</a>","IlyasEhh",0,FALSE,FALSE,NA,NA
"158","I wish I was wearing my klose jersey for work!!!Ì†ºÌ∑©Ì†ºÌ∑™Ì†ºÌ∑©Ì†ºÌ∑™Ì†ºÌ∑©Ì†ºÌ∑™Ì†ºÌ∑©Ì†ºÌ∑™",FALSE,0,NA,2014-07-13 19:18:06,FALSE,NA,"488402005681905664",NA,"<a href=""http://twitter.com/download/iphone"" rel=""nofollow"">Twitter for iPhone</a>","ArissaRay3x",0,FALSE,FALSE,"-80.35584357","25.98779901"
"159","I think I might get a klose jersey if #GER wins",FALSE,0,NA,2014-07-13 19:12:06,FALSE,NA,"488400492276359168",NA,"<a href=""http://twitter.com/download/iphone"" rel=""nofollow"">Twitter for iPhone</a>","marcosisti3",0,FALSE,FALSE,NA,NA
"160","WHY DID I LEAVE MY KLOSE JERSEY AT HOME #WorldCupFinal #GER",FALSE,0,NA,2014-07-13 18:59:51,FALSE,NA,"488397410537078787",NA,"<a href=""http://twitter.com"" rel=""nofollow"">Twitter Web Client</a>","rauminoodles",0,FALSE,FALSE,NA,NA
"161","wearing my Klose jersey naturlich",FALSE,0,NA,2014-07-13 18:58:23,FALSE,NA,"488397041395982337",NA,"<a href=""http://twitter.com"" rel=""nofollow"">Twitter Web Client</a>","samtaylorc",0,FALSE,FALSE,NA,NA
"162","Germany wins today and I buy a Mirosov Klose jersey. #GER",FALSE,1,NA,2014-07-13 18:56:58,FALSE,NA,"488396684984987648",NA,"<a href=""http://twitter.com/download/iphone"" rel=""nofollow"">Twitter for iPhone</a>","19_Stewy",0,FALSE,FALSE,NA,NA
"163","LETS GO GERMANY! The bucks family with our signed Miroslav Klose jersey from 2001! http://t.co/2urN6OtMGk",FALSE,14,NA,2014-07-13 18:54:54,FALSE,NA,"488396166300983296",NA,"<a href=""http://twitter.com/download/iphone"" rel=""nofollow"">Twitter for iPhone</a>","andre_bucks",1,FALSE,FALSE,NA,NA
"164","Wearing my German jersey from the 2010 World Cup. #11 Miroslav Klose jersey doesn't quiet fit like it‚Ä¶ http://t.co/hUTHsGDR02",FALSE,0,NA,2014-07-13 18:52:53,FALSE,NA,"488395656533262336",NA,"<a href=""http://instagram.com"" rel=""nofollow"">Instagram</a>","Tlit12",0,FALSE,FALSE,NA,NA
"165","@DFB_Team_EN will win it all today!! 2-1 in 90. Let's show Argentina how its done!!! Representing #GER with my jersey today! #klose #GERARG",FALSE,0,"DFB_Team_EN",2014-07-13 18:45:48,FALSE,NA,"488393876202614784","2350218440","<a href=""http://twitter.com/download/android"" rel=""nofollow"">Twitter for Android</a>","jclark82291",0,FALSE,FALSE,"-91.6085286","41.6876149"
"166","@Mr_kyleEdwards Klose jersey on, just poured myself a Becks. Let's go, Germany!!",FALSE,1,"Mr_kyleEdwards",2014-07-13 18:41:18,FALSE,NA,"488392744738377730","190109780","<a href=""http://twitter.com/#!/download/ipad"" rel=""nofollow"">Twitter for iPad</a>","Nick_Pfeifer",0,FALSE,FALSE,NA,NA
"167","I wouldn't mind having a Klose jersey",FALSE,0,NA,2014-07-13 18:39:16,FALSE,NA,"488392232626827264",NA,"<a href=""http://twitter.com/download/iphone"" rel=""nofollow"">Twitter for iPhone</a>","TheShortestEver",0,FALSE,FALSE,NA,NA
"168","@ErikGruettner let your dad know I'm wearing his Klose jersey with pride",FALSE,1,"CTsourmas",2014-07-13 18:27:27,FALSE,"488389123263045633","488389256918749185","1952943349","<a href=""http://twitter.com/download/iphone"" rel=""nofollow"">Twitter for iPhone</a>","CTsourmas",0,FALSE,FALSE,NA,NA
"169","@SonySIX got my german jersey!!Die adler.. Hope klose gets the wc finally....",FALSE,0,"SonySIX",2014-07-13 18:26:41,FALSE,NA,"488389065620717568","508656152","<a href=""http://twitter.com/download/android"" rel=""nofollow"">Twitter for Android</a>","MrinalDubey1",0,FALSE,FALSE,NA,NA
"170","I want a Klose jersey so bad",FALSE,0,NA,2014-07-13 18:19:34,FALSE,NA,"488387275730866176",NA,"<a href=""http://twitter.com/download/iphone"" rel=""nofollow"">Twitter for iPhone</a>","_MikeMartian",0,FALSE,FALSE,NA,NA
"171","I'm buying a Klose close jersey",FALSE,0,NA,2014-07-13 18:09:53,FALSE,NA,"488384835518361600",NA,"<a href=""http://twitter.com/download/iphone"" rel=""nofollow"">Twitter for iPhone</a>","CaseyCoffee8",0,FALSE,FALSE,NA,NA
"172","I will have unending love for the person that gets me a Klose German National Team jersey.",FALSE,0,NA,2014-07-13 17:48:22,FALSE,NA,"488379421410074625",NA,"<a href=""http://twitter.com/download/iphone"" rel=""nofollow"">Twitter for iPhone</a>","ItsJerryRayYall",0,FALSE,FALSE,NA,NA
"173","#klose Jersey
#germany #germans #mannschaft #heros #legends #best #players #deutscher #deutschland‚Ä¶ http://t.co/EYS1KT4tuy",FALSE,0,NA,2014-07-13 17:45:24,FALSE,NA,"488378673289248768",NA,"<a href=""http://instagram.com"" rel=""nofollow"">Instagram</a>","tsar_linux",0,FALSE,FALSE,NA,NA
"174","Feel like buying a Klose jersey.",FALSE,0,NA,2014-07-13 17:05:59,FALSE,NA,"488368754724974592",NA,"<a href=""http://twitter.com/download/android"" rel=""nofollow"">Twitter for Android</a>","I_KEELS_IT",0,FALSE,FALSE,NA,NA
"175","Either #Messi or #Klose will pin an extra star on their jersey tonight, after the #WordlCup final on the #Maracana. http://t.co/jSUUrb3klI",FALSE,0,NA,2014-07-13 16:59:40,FALSE,NA,"488367167407398913",NA,"<a href=""http://twitter.com"" rel=""nofollow"">Twitter Web Client</a>","Etomiuc",0,FALSE,FALSE,NA,NA
"176","Reppin the #Germany jersey today #worldcup2014 it ain't gonna be #Klose!!  See what I did there??‚Ä¶ http://t.co/8I3VxzV8AY",FALSE,0,NA,2014-07-13 16:45:00,FALSE,NA,"488363473441935361",NA,"<a href=""http://instagram.com"" rel=""nofollow"">Instagram</a>","stephengomez",0,FALSE,FALSE,NA,NA
"177","today is going to be a great day! Ì†ºÌ∑©Ì†ºÌ∑™Ì†ºÌ∑©Ì†ºÌ∑™Ì†ºÌ∑©Ì†ºÌ∑™ i've literally had this klose jersey for over 10 years. i‚Ä¶ http://t.co/EDdbvviDAI",FALSE,0,NA,2014-07-13 16:44:55,FALSE,NA,"488363453510594560",NA,"<a href=""http://instagram.com"" rel=""nofollow"">Instagram</a>","sariachu",0,FALSE,FALSE,NA,NA
"178","@LynRhm oh i will with neuer, klose, muller, reus, gotze or kroos' name on the back of the jersey",FALSE,0,"LynRhm",2014-07-13 16:42:34,FALSE,"488362359606362112","488362863874936832","330052341","<a href=""http://twitter.com"" rel=""nofollow"">Twitter Web Client</a>","Immmmmm_",0,FALSE,FALSE,NA,NA
"179","Not sure who I want to win just yet... But I need to rep the 2006 Miroslav Klose jersey http://t.co/7ds8tQffYJ",FALSE,0,NA,2014-07-13 16:36:15,FALSE,NA,"488361272157564928",NA,"<a href=""http://twitter.com/download/iphone"" rel=""nofollow"">Twitter for iPhone</a>","Chris_Jump_er",0,FALSE,FALSE,NA,NA
"180","Should i get a Klose or a Schweinsteiger jersey Im torn.. #GER",FALSE,0,NA,2014-07-13 16:31:20,FALSE,NA,"488360034036764672",NA,"<a href=""http://twitter.com"" rel=""nofollow"">Twitter Web Client</a>","sebphins",0,FALSE,FALSE,NA,NA
"181","@kglbltz between getting a Klose Jersey or a Schweinsteiger jersey thoughts?",FALSE,0,"kglbltz",2014-07-13 16:30:05,FALSE,"488358761472720897","488359722236391426","55277120","<a href=""http://twitter.com"" rel=""nofollow"">Twitter Web Client</a>","sebphins",0,FALSE,FALSE,NA,NA
"182","Today is Ozil, Klose jersey is back home. #Ger will take the cup back to Deutschland. I promise u. 4 star #WorldCup http://t.co/gYDg0Amm59",FALSE,1,NA,2014-07-13 16:24:57,FALSE,NA,"488358430990532608",NA,"<a href=""http://twitter.com/download/android"" rel=""nofollow"">Twitter for Android</a>","isaac976",0,FALSE,FALSE,NA,NA
"183","Spotted: Klose's World Cup 2006 jersey Ì†ΩÌ∏≠",FALSE,2,NA,2014-07-13 16:10:14,FALSE,NA,"488354724492898305",NA,"<a href=""http://twitter.com/download/iphone"" rel=""nofollow"">Twitter for iPhone</a>","zwischenfischen",0,FALSE,FALSE,NA,NA
"184","RT @aylinshakeit: Let's go Germany!We deserve our 4th star on the jersey!Ì†ºÌ∑©Ì†ºÌ∑™‚ù§Ô∏èÌ†ºÌºü#ProudtobeGerman #aneurerseite #GERARG #Brazil2014 #Klose htt‚Ä¶",FALSE,0,NA,2014-07-13 16:07:23,FALSE,NA,"488354007501766656",NA,"<a href=""http://twitter.com/download/android"" rel=""nofollow"">Twitter for Android</a>","YasminSchffer",1,TRUE,FALSE,NA,NA
"185","Let's go Germany!We deserve our 4th star on the jersey!Ì†ºÌ∑©Ì†ºÌ∑™‚ù§Ô∏èÌ†ºÌºü#ProudtobeGerman #aneurerseite #GERARG #Brazil2014 #Klose http://t.co/4U1MnDCyYi",FALSE,2,NA,2014-07-13 16:04:31,FALSE,NA,"488353289227231232",NA,"<a href=""http://twitter.com/download/iphone"" rel=""nofollow"">Twitter for iPhone</a>","aylinshakeit",1,FALSE,FALSE,NA,NA
"186","@THerlz love that jersey. Its a long sleeve tho. Went with the World Cup legend instead, aka Klose",FALSE,1,"THerlz",2014-07-13 15:23:56,FALSE,"488342507881635840","488343073945300992","88546176","<a href=""http://twitter.com/download/iphone"" rel=""nofollow"">Twitter for iPhone</a>","TyDroste13",0,FALSE,FALSE,NA,NA
"187","Betting for the game.
ARG wins: Celebrate downtown with friends :D
GER win: I need to buy a Klose jersey... -_-",FALSE,0,NA,2014-07-13 14:46:58,FALSE,NA,"488333771087704064",NA,"<a href=""http://twitter.com"" rel=""nofollow"">Twitter Web Client</a>","Luminite_Shadow",0,FALSE,FALSE,NA,NA
"188","i need to find my old Klose jersey again idc if it is too small",FALSE,0,NA,2014-07-13 14:25:21,FALSE,NA,"488328330446635009",NA,"<a href=""http://twitter.com/download/iphone"" rel=""nofollow"">Twitter for iPhone</a>","roversderby",0,FALSE,FALSE,NA,NA
"189","Definitely wearing my Klose jersey to church today #GER #DerMannschaft #WorldCup2014",FALSE,1,NA,2014-07-13 14:12:51,FALSE,NA,"488325186253762560",NA,"<a href=""http://twitter.com/download/android"" rel=""nofollow"">Twitter for Android</a>","MLGViking",0,FALSE,FALSE,NA,NA
"190","@JawdathJ: #KLOSE #GERMANY #HOME #AWAY 2014 #WORLDCUP #JERSEY T-SHIRT BRAZIL #SOCCER #FOOTBALL IN #EBAY http://t.co/5l9nU6x1ep",FALSE,0,"JawdathJ",2014-07-13 11:45:53,FALSE,NA,"488288200901681153","2431921496","<a href=""http://twitter.com/download/iphone"" rel=""nofollow"">Twitter for iPhone</a>","JawdathJ",0,FALSE,FALSE,NA,NA
"191","Looking forward to witnessing history tomorrow at the #WorldCup. Love to see #DieMannschaft win it all while I'm sporting my #Klose jersey.",FALSE,0,NA,2014-07-13 06:03:44,FALSE,NA,"488202096693346304",NA,"<a href=""http://twitter.com"" rel=""nofollow"">Twitter Web Client</a>","JoshSaggau",0,FALSE,FALSE,NA,NA
"192","At the age of 10 I received my first ever football jersey from my uncle. It was a #GER Klose jersey. Tomorrow I will see him become champ!",FALSE,1,NA,2014-07-13 04:04:43,FALSE,NA,"488172145647054849",NA,"<a href=""http://twitter.com/download/iphone"" rel=""nofollow"">Twitter for iPhone</a>","MiaSanBayernUSA",0,FALSE,FALSE,NA,NA
"193","Buying a Klose jersey",FALSE,2,NA,2014-07-13 02:43:29,FALSE,NA,"488151701266784259",NA,"<a href=""http://twitter.com/download/iphone"" rel=""nofollow"">Twitter for iPhone</a>","JackKimman",0,FALSE,FALSE,NA,NA
"194","I just bought a signed Klose jersey for $380 #ihaveaproblem #germany Ì†ºÌ∑©Ì†ºÌ∑™Ì†ºÌ∑©Ì†ºÌ∑™Ì†ºÌ∑©Ì†ºÌ∑™ #collectibles",FALSE,0,NA,2014-07-13 00:40:31,FALSE,NA,"488120753083408384",NA,"<a href=""http://twitter.com/download/iphone"" rel=""nofollow"">Twitter for iPhone</a>","_KTam",0,FALSE,FALSE,NA,NA
"195","Just ordered my Klose jersey :) http://t.co/Nn0izjVwt9",FALSE,0,NA,2014-07-12 21:33:37,FALSE,NA,"488073719302995968",NA,"<a href=""http://twitter.com/download/android"" rel=""nofollow"">Twitter for Android</a>","xFelipelicious",0,FALSE,FALSE,NA,NA
"196","Now do I get the home or away klose jersey... Decisions. Decisions...",FALSE,1,NA,2014-07-15 23:54:16,FALSE,NA,"489196281361756160",NA,"<a href=""http://twitter.com/download/iphone"" rel=""nofollow"">Twitter for iPhone</a>","tyler_schwarz",0,FALSE,FALSE,NA,NA
"197","My mom is getting me a Klose jersey for my birthday Ì†ΩÌπå yay",FALSE,1,NA,2014-07-15 23:33:18,FALSE,NA,"489191004717604865",NA,"<a href=""http://twitter.com/download/iphone"" rel=""nofollow"">Twitter for iPhone</a>","barcenas_anna",0,FALSE,FALSE,NA,NA
"198","I told my mom that im thinking about buying a Klose jersey and she said ""do you think he is attractive"" Incredible",FALSE,1,NA,2014-07-15 16:57:14,FALSE,NA,"489091329247678464",NA,"<a href=""http://twitter.com/download/android"" rel=""nofollow"">Twitter for Android</a>","stormsland",0,FALSE,FALSE,NA,NA
"199","gonna order my dad his klose jersey",FALSE,1,NA,2014-07-15 16:00:52,FALSE,NA,"489077142743822337",NA,"<a href=""http://twitter.com/download/iphone"" rel=""nofollow"">Twitter for iPhone</a>","Ozone_yessurr",0,FALSE,FALSE,NA,NA
"200","MY DAD IS BUYING ME A KLOSE JERSEY",FALSE,0,NA,2014-07-15 15:14:06,FALSE,NA,"489065373774278656",NA,"<a href=""http://twitter.com"" rel=""nofollow"">Twitter Web Client</a>","evilmutants",0,FALSE,FALSE,NA,NA
"201","Someone help me decide who's jersey to get while I'm here!Ì†ΩÌ∏©#7 #8 #11 #helpme #Schweinsteiger #√∂zil #klose http://t.co/mDmO6guNY5",FALSE,0,NA,2014-07-15 13:31:01,FALSE,NA,"489039434802024449",NA,"<a href=""http://twitter.com/download/iphone"" rel=""nofollow"">Twitter for iPhone</a>","nona14gable",0,FALSE,FALSE,NA,NA
"202","11 because neymar,klose,oscar and robben jersey number",FALSE,0,NA,2014-07-15 11:27:37,FALSE,NA,"489008379566624768",NA,"<a href=""http://twitter.com/download/android"" rel=""nofollow"">Twitter for Android</a>","lavernekoon",0,FALSE,FALSE,NA,NA
"203","""@tamayomanuel7: We should all pitch in to get Jomi a Klose jersey for his bday lol"" http://t.co/nT7O6qQKf1",FALSE,3,NA,2014-07-15 03:55:27,FALSE,NA,"488894585867759616",NA,"<a href=""http://twitter.com/download/android"" rel=""nofollow"">Twitter for Android</a>","jadeniran_says",0,FALSE,FALSE,NA,NA
"204","RT @tamayomanuel7: We should all pitch in to get Jomi a Klose jersey for his bday lol",FALSE,0,NA,2014-07-15 03:54:28,FALSE,NA,"488894339733401600",NA,"<a href=""http://twitter.com/download/android"" rel=""nofollow"">Twitter for Android</a>","jadeniran_says",1,TRUE,FALSE,NA,NA
"205","We should all pitch in to get Jomi a Klose jersey for his bday lol",FALSE,3,NA,2014-07-15 03:53:48,FALSE,NA,"488894170845573120",NA,"<a href=""http://twitter.com/download/android"" rel=""nofollow"">Twitter for Android</a>","tamayomanuel7",1,FALSE,FALSE,NA,NA
"206","Waiting for the 4 stars jersey #Germany #WorldCup #WorldCupFinal #klose",FALSE,0,NA,2014-07-15 03:11:58,FALSE,NA,"488883646427070464",NA,"<a href=""http://twitter.com/download/iphone"" rel=""nofollow"">Twitter for iPhone</a>","mesop0tamian",0,FALSE,FALSE,NA,NA
"207","@kimravioli yesyes!! :']]] she bought a fake klose jersey haha XD",FALSE,0,"kimravioli",2014-07-15 02:55:14,FALSE,"488715532997107714","488879432547827712","1661662273","<a href=""http://twitter.com"" rel=""nofollow"">Twitter Web Client</a>","yunchikan",0,FALSE,FALSE,NA,NA
"208","SOOOOOOO gonna buy a four stars klose jersey, i love you miro!",FALSE,0,NA,2014-07-15 02:52:01,FALSE,NA,"488878623143645185",NA,"<a href=""http://twitter.com/download/android"" rel=""nofollow"">Twitter for Android</a>","notastrid",0,FALSE,FALSE,NA,NA
"209","Now that I think about it, I need a #Klose jersey #GER",FALSE,0,NA,2014-07-15 02:18:12,FALSE,NA,"488870113123106817",NA,"<a href=""http://twitter.com"" rel=""nofollow"">Twitter Web Client</a>","Efraaawr",0,FALSE,FALSE,NA,NA
"210","THE CHEAPEST MIROSLAV KLOSE JERSEY IS LIKE 60 DOLLARS WTF",FALSE,1,NA,2014-07-15 02:10:43,FALSE,NA,"488868228538458112",NA,"<a href=""http://twitter.com/download/android"" rel=""nofollow"">Twitter for Android</a>","jadeniran_says",0,FALSE,FALSE,NA,NA
"211","Fuck ya I found the official @DFB_Team_EN website. Now I can get my Klose Jersey",FALSE,0,NA,2014-07-15 01:34:06,FALSE,NA,"488859014873100289",NA,"<a href=""http://twitter.com/download/android"" rel=""nofollow"">Twitter for Android</a>","mstwofour",0,FALSE,FALSE,"-118.4321517","34.1997147"
"212","I want a Klose Germany jersey so bad, someone buy it for me pls",FALSE,0,NA,2014-07-15 00:54:26,FALSE,NA,"488849032748752896",NA,"<a href=""http://twitter.com/download/android"" rel=""nofollow"">Twitter for Android</a>","akhan_RM",0,FALSE,FALSE,NA,NA
"213","bc i wanna get a schweinsteiger jersey but also a m√ºller one and a klose one.....and i wanna see if there's a neuer one......",FALSE,2,NA,2014-07-15 00:41:35,FALSE,NA,"488845798319214592",NA,"<a href=""http://twitter.com"" rel=""nofollow"">Twitter Web Client</a>","ljkaram",0,FALSE,FALSE,NA,NA
"214","@realpatmoran boss up! Haha my klose jersey is on it's wayÌ†ΩÌ±å",FALSE,0,"realpatmoran",2014-07-18 18:51:27,FALSE,"490207020596072448","490207238586245121","797578454","<a href=""http://twitter.com/download/iphone"" rel=""nofollow"">Twitter for iPhone</a>","TheOaksmobile",0,FALSE,FALSE,NA,NA
"215","When the #legend #klose wore the away jersey during the semi-finals match against Brazil, and topped‚Ä¶ http://t.co/sbto5qjxXm",FALSE,0,NA,2014-07-18 16:31:28,FALSE,NA,"490172008907673600",NA,"<a href=""http://instagram.com"" rel=""nofollow"">Instagram</a>","jessicasyy",0,FALSE,FALSE,NA,NA
"216","Onkel Klose, i want your jersey , can I ?",FALSE,0,NA,2014-07-18 12:44:08,FALSE,NA,"490114797468262400",NA,"<a href=""http://twitter.com"" rel=""nofollow"">Twitter Web Client</a>","cykinaa",0,FALSE,FALSE,NA,NA
"217","Collected my ""Klose 11"" #germany away jersey finally!! The legend wore this and scored his 16th goal,‚Ä¶ http://t.co/B4he2rcfZe",FALSE,0,NA,2014-07-18 12:15:20,FALSE,NA,"490107550428172288",NA,"<a href=""http://instagram.com"" rel=""nofollow"">Instagram</a>","jessicasyy",0,FALSE,FALSE,NA,NA
"218","@CesarThePanda now why would i do that? Is#15 goetze Or is klose nope &amp; since i called him making the winning goal his jersey is what i want",FALSE,0,"CesarThePanda",2014-07-18 07:53:11,FALSE,NA,"490041577113665536","417483927","<a href=""http://www.cloudhopper.com/"" rel=""nofollow"">Cloudhopper</a>","Simply_Diego",0,FALSE,FALSE,NA,NA
"219","Ready for my Klose jersey to come in.",FALSE,0,NA,2014-07-18 00:54:47,FALSE,NA,"489936284995948544",NA,"<a href=""http://twitter.com"" rel=""nofollow"">Twitter Web Client</a>","appsTATE12",0,FALSE,FALSE,NA,NA
"220","I want a #WorldCup2014 worn jersey from Klose and @Jermainejunior @FIFAWorldCup #WishList",FALSE,0,NA,2014-07-17 21:31:42,FALSE,NA,"489885175447166976",NA,"<a href=""http://twitter.com/download/iphone"" rel=""nofollow"">Twitter for iPhone</a>","chcobra95",0,FALSE,FALSE,NA,NA
"221","RT @ImDanzzy: @jamesgolightly2 Should I get Muller or Klose on the back of the Germany jersey? Im about to get an official jersey (player v‚Ä¶",FALSE,0,NA,2014-07-17 19:46:44,FALSE,NA,"489858763118366721",NA,"<a href=""http://twitter.com/download/iphone"" rel=""nofollow"">Twitter for iPhone</a>","jamesgolightly2",1,TRUE,FALSE,NA,NA
"222","@jamesgolightly2 Should I get Muller or Klose on the back of the Germany jersey? Im about to get an official jersey (player version)",FALSE,0,"jamesgolightly2",2014-07-17 19:46:10,FALSE,NA,"489858619320438784","1733061619","<a href=""https://about.twitter.com/products/tweetdeck"" rel=""nofollow"">TweetDeck</a>","ImDanzzy",1,FALSE,FALSE,NA,NA
"223","Tough deciding between getting a Klose or a M√ºller jersey. Decided for Mito, the clever fucker has a long way ahead of him.",FALSE,1,NA,2014-07-17 01:54:46,FALSE,NA,"489588992577658880",NA,"<a href=""http://twitter.com"" rel=""nofollow"">Twitter Web Client</a>","totalkicker",0,FALSE,FALSE,NA,NA
